num_data,num_medoids,loss,misc_complexity,build_complexity,swap_complexity,number_of_swaps,cache_writes,cache_hits,cache_misses,average_swap_sample_complexity,total_complexity_without_misc,total_complexity_with_misc,total_complexity_with_caching,runtime_per_swap,total_runtime
10000,10,79.12953186035156,148292669,15690528,292528664,12,0,0,0,24377388.666666668,308219192,456511861,456511861,12.190340181191765,146.28408217430115
25000,10,79.05097961425781,422318496,36015851,956918910,14,0,0,0,68351350.71428572,992934761,1415253257,1415253257,32.30886942999704,452.3241720199585
40000,10,79.13787841796875,927038417,61118341,2845542623,20,0,0,0,142277131.15,2906660964,3833699381,3833699381,60.840606689453125,1216.8121337890625
55000,10,79.01714324951172,716083775,72685113,1621529480,10,0,0,0,162152948.0,1694214593,2410298368,2410298368,69.9515533208847,699.515533208847
70000,10,79.0539321899414,1016792920,113857005,2512393455,12,0,0,0,209366121.25,2626250460,3643043380,3643043380,89.04094342390697,1068.4913210868835
