num_data,num_medoids,loss,misc_complexity,build_complexity,swap_complexity,number_of_swaps,cache_writes,cache_hits,cache_misses,average_swap_sample_complexity,total_complexity_without_misc,total_complexity_with_misc,total_complexity_with_caching,runtime_per_swap,total_runtime
10000,5,86.48535919189453,42288643,9477822,66520537,6,3959880,38736323,73259064,11086756.166666666,75998359,118287002,79550679,4.574763655662537,27.44858193397522
25000,5,87.22798156738281,76496286,20961751,87138384,4,9937241,62087566,112949059,21784596.0,108100135,184596421,122508855,11.137880504131315,44.55152201652527
40000,5,86.77407836914062,166324254,36053823,210578612,6,16144010,139220878,248483322,35096435.333333336,246632435,412956689,273735811,15.87277901172638,95.23667407035828
55000,5,86.23445129394531,212378907,41014601,278875106,6,23313273,171570946,302456050,46479184.333333336,319889707,532268614,360697668,22.8673304716746,137.2039828300476
70000,5,86.48848724365234,263138221,50877022,481813848,6,26146230,215567515,482694937,80302308.0,532690870,795829091,580261576,35.75305596987406,214.51833581924438
