num_data,num_medoids,loss,misc_complexity,build_complexity,swap_complexity,number_of_swaps,cache_writes,cache_hits,cache_misses,average_swap_sample_complexity,total_complexity_without_misc,total_complexity_with_misc,runtime_per_swap,total_runtime,total_complexity_with_caching,average_complexity_with_caching,average_runtime
10000,5,87.18781280517578,34978317,6717056,45296519,2.0,0,0,0,11324129.75,52013575,86991892,6.114164590835571,24.456658363342285,86991892.0,28997297.333333332,8.152219454447428
25000,5,86.75164031982422,109155397,18931677,110625460,3.0,0,0,0,18437576.666666668,129557137,238712534,11.755493680636087,70.53296208381653,238712534.0,59678133.5,17.633240520954132
40000,5,86.6095962524414,168973815,26183969,178677812,3.0,0,0,0,29779635.33333333,204861781,373835596,18.73548686504364,112.41292119026184,373835596.0,93458899.0,28.10323029756546
55000,5,86.50186920166016,236668776,41415863,275358111,3.0,0,0,0,45893018.5,316773974,553442750,27.729600151379906,166.37760090827942,553442750.0,138360687.5,41.594400227069855
70000,5,86.35459899902344,366299105,50268835,483662503,4.0,0,0,0,60457812.875,533931338,900230443,34.371056854724884,274.9684548377991,900230443.0,180046088.6,54.993690967559814
