num_data,num_medoids,loss,misc_complexity,build_complexity,swap_complexity,number_of_swaps,cache_writes,cache_hits,cache_misses,average_swap_sample_complexity,total_complexity_without_misc,total_complexity_with_misc,total_complexity_with_caching,runtime_per_swap,total_runtime
10000,5,87.34068298339844,75022202,7749825,86352247,10,0,0,0,8635224.7,94102072,169124274,169124274,4.925910925865173,49.25910925865173
25000,5,86.42974090576172,167517682,20451145,206278914,10,0,0,0,20627891.4,226730059,394247741,394247741,12.266420888900758,122.66420888900755
40000,5,86.35272216796875,224265709,29427606,291630883,8,0,0,0,36453860.375,321058489,545324198,545324198,21.277971267700195,170.22377014160156
55000,5,86.67990112304688,245209217,40294987,272091673,6,0,0,0,45348612.16666666,312386660,557595877,557595877,29.57490849494934,177.44945096969604
70000,5,86.32240295410156,301915411,53471158,352406698,6,0,0,0,58734449.666666664,405877856,707793267,707793267,38.90376500288645,233.42259001731873
