num_data,num_medoids,loss,misc_complexity,build_complexity,swap_complexity,number_of_swaps,cache_writes,cache_hits,cache_misses,average_swap_sample_complexity,total_complexity_without_misc,total_complexity_with_misc,total_complexity_with_caching,runtime_per_swap,total_runtime
10000,5,87.48088836669922,68063248,6481210,101675005,10,0,0,0,10167500.5,108156215,176219463,176219463,4.915911483764648,49.15911483764648
25000,5,86.74698638916016,105203556,17455662,152529068,6,0,0,0,25421511.33333333,169984730,275188286,275188286,13.407595992088318,80.44557595252991
40000,5,86.26239013671875,182034917,30325791,168018510,6,0,0,0,28003085.0,198344301,380379218,380379218,18.734187205632526,112.40512323379517
55000,5,86.54472351074219,445365953,39466361,591272244,12,0,0,0,49272687.0,630738605,1076104558,1076104558,25.384978075822197,304.61973690986633
70000,5,86.3740463256836,380574229,52363522,475244550,8,0,0,0,59405568.75,527608072,908182301,908182301,33.93858903646469,271.50871229171753
