num_data,num_medoids,loss,misc_complexity,build_complexity,swap_complexity,number_of_swaps,cache_writes,cache_hits,cache_misses,average_swap_sample_complexity,total_complexity_without_misc,total_complexity_with_misc,total_complexity_with_caching,runtime_per_swap,total_runtime
10000,10,79.60572052001953,172059022,16585026,337227222,14,0,0,0,24087658.71428572,353812248,525871270,525871270,10.62831357547215,148.7963900566101
25000,10,78.9326400756836,447158485,37443351,1101777862,14,0,0,0,78698418.71428572,1139221213,1586379698,1586379698,31.575982076781138,442.0637490749359
40000,10,78.9150390625,367935865,63055491,788617277,6,0,0,0,131436212.83333331,851672768,1219608633,1219608633,57.39449433485667,344.36696600914
55000,10,78.87971496582031,1324412001,82796082,2439935839,20,0,0,0,121996791.95,2522731921,3847143922,3847143922,56.30448764562607,1126.0897529125214
70000,10,78.85462188720703,748219287,110515921,1842975336,8,0,0,0,230371917.0,1953491257,2701710544,2701710544,98.31962221860886,786.5569777488708
